Name,Age,Gender
Olivia,34,Male
Liam,30,Male
Emma,42,Male
Noah,26,Female
Ava,25,Female
Elijah,22,Male
Sophia,35,Female
James,33,Male
Isabella,36,Male
William,44,Female
Mia,27,Female
Benjamin,37,Male
Charlotte,33,Male
Lucas,33,Male
Amelia,36,Female
Henry,38,Female
Harper,35,Male
Alexander,42,Female
Evelyn,39,Female
Michael,39,Male
Abigail,25,Male
Daniel,38,Female
Ella,36,Female
Matthew,37,Female
Lily,42,Female
Jackson,22,Female
Scarlett,34,Male
Sebastian,39,Male
Grace,23,Female
Jack,42,Male
Chloe,40,Male
Aiden,34,Male
Zoey,42,Male
Owen,44,Male
Penelope,30,Female
Samuel,25,Male
Layla,31,Female
Carter,37,Female
Riley,35,Male
Wyatt,26,Female
Aria,30,Male
John,35,Female
Nora,35,Female
David,23,Male
Camila,38,Female
Joseph,23,Female
Aurora,26,Female
Leo,26,Female
Ellie,34,Male
Julian,33,Female
Mila,25,Male
Luke,22,Female
Paisley,34,Male
Grayson,39,Female
Skylar,33,Female
Isaac,34,Male
Brooklyn,36,Male
Jayden,43,Male
Bella,43,Male
Gabriel,22,Female
Claire,44,Male
Anthony,40,Female
Savannah,29,Male
Dylan,43,Female
Addison,33,Female
Lincoln,45,Male
Aubrey,42,Female
Ezra,33,Male
Ellie,41,Male
Thomas,39,Female
Stella,24,Male
Charles,23,Male
Natalie,31,Female
Christopher,29,Female
Hazel,22,Male
Jaxon,25,Male
Violet,45,Female
Maverick,38,Male
Lucy,28,Male
Josiah,41,Male
Hannah,35,Female
Hudson,29,Female
Lillian,22,Female
Nathan,44,Female
Leah,34,Female
Caleb,35,Male
Zoe,30,Male
Elias,38,Female
Audrey,36,Female
Aaron,21,Female
Allison,33,Female
Ryan,33,Female
Samantha,35,Female
Adrian,25,Female
Sadie,24,Female
Nolan,31,Male
Eva,34,Male
Christian,32,Female
Kennedy,43,Female
Jonathan,36,Female
